-- MySQL dump 10.13  Distrib 5.7.18, for Win64 (x86_64)
--
-- Host: localhost    Database: appsql
-- ------------------------------------------------------
-- Server version	5.7.18-log

/*!40101 SET @OLD_CHARACTER_SET_CLIENT=@@CHARACTER_SET_CLIENT */;
/*!40101 SET @OLD_CHARACTER_SET_RESULTS=@@CHARACTER_SET_RESULTS */;
/*!40101 SET @OLD_COLLATION_CONNECTION=@@COLLATION_CONNECTION */;
/*!40101 SET NAMES utf8 */;
/*!40103 SET @OLD_TIME_ZONE=@@TIME_ZONE */;
/*!40103 SET TIME_ZONE='+00:00' */;
/*!40014 SET @OLD_UNIQUE_CHECKS=@@UNIQUE_CHECKS, UNIQUE_CHECKS=0 */;
/*!40014 SET @OLD_FOREIGN_KEY_CHECKS=@@FOREIGN_KEY_CHECKS, FOREIGN_KEY_CHECKS=0 */;
/*!40101 SET @OLD_SQL_MODE=@@SQL_MODE, SQL_MODE='NO_AUTO_VALUE_ON_ZERO' */;
/*!40111 SET @OLD_SQL_NOTES=@@SQL_NOTES, SQL_NOTES=0 */;

--
-- Table structure for table `auth_group`
--

DROP TABLE IF EXISTS `auth_group`;
/*!40101 SET @saved_cs_client     = @@character_set_client */;
/*!40101 SET character_set_client = utf8 */;
CREATE TABLE `auth_group` (
  `id` int(11) NOT NULL AUTO_INCREMENT,
  `name` varchar(80) NOT NULL,
  PRIMARY KEY (`id`),
  UNIQUE KEY `name` (`name`)
) ENGINE=InnoDB DEFAULT CHARSET=utf8;
/*!40101 SET character_set_client = @saved_cs_client */;

--
-- Dumping data for table `auth_group`
--

LOCK TABLES `auth_group` WRITE;
/*!40000 ALTER TABLE `auth_group` DISABLE KEYS */;
/*!40000 ALTER TABLE `auth_group` ENABLE KEYS */;
UNLOCK TABLES;

--
-- Table structure for table `auth_group_permissions`
--

DROP TABLE IF EXISTS `auth_group_permissions`;
/*!40101 SET @saved_cs_client     = @@character_set_client */;
/*!40101 SET character_set_client = utf8 */;
CREATE TABLE `auth_group_permissions` (
  `id` int(11) NOT NULL AUTO_INCREMENT,
  `group_id` int(11) NOT NULL,
  `permission_id` int(11) NOT NULL,
  PRIMARY KEY (`id`),
  UNIQUE KEY `auth_group_permissions_group_id_permission_id_0cd325b0_uniq` (`group_id`,`permission_id`),
  KEY `auth_group_permissio_permission_id_84c5c92e_fk_auth_perm` (`permission_id`),
  CONSTRAINT `auth_group_permissio_permission_id_84c5c92e_fk_auth_perm` FOREIGN KEY (`permission_id`) REFERENCES `auth_permission` (`id`),
  CONSTRAINT `auth_group_permissions_group_id_b120cbf9_fk_auth_group_id` FOREIGN KEY (`group_id`) REFERENCES `auth_group` (`id`)
) ENGINE=InnoDB DEFAULT CHARSET=utf8;
/*!40101 SET character_set_client = @saved_cs_client */;

--
-- Dumping data for table `auth_group_permissions`
--

LOCK TABLES `auth_group_permissions` WRITE;
/*!40000 ALTER TABLE `auth_group_permissions` DISABLE KEYS */;
/*!40000 ALTER TABLE `auth_group_permissions` ENABLE KEYS */;
UNLOCK TABLES;

--
-- Table structure for table `auth_permission`
--

DROP TABLE IF EXISTS `auth_permission`;
/*!40101 SET @saved_cs_client     = @@character_set_client */;
/*!40101 SET character_set_client = utf8 */;
CREATE TABLE `auth_permission` (
  `id` int(11) NOT NULL AUTO_INCREMENT,
  `name` varchar(255) NOT NULL,
  `content_type_id` int(11) NOT NULL,
  `codename` varchar(100) NOT NULL,
  PRIMARY KEY (`id`),
  UNIQUE KEY `auth_permission_content_type_id_codename_01ab375a_uniq` (`content_type_id`,`codename`),
  CONSTRAINT `auth_permission_content_type_id_2f476e4b_fk_django_co` FOREIGN KEY (`content_type_id`) REFERENCES `django_content_type` (`id`)
) ENGINE=InnoDB AUTO_INCREMENT=31 DEFAULT CHARSET=utf8;
/*!40101 SET character_set_client = @saved_cs_client */;

--
-- Dumping data for table `auth_permission`
--

LOCK TABLES `auth_permission` WRITE;
/*!40000 ALTER TABLE `auth_permission` DISABLE KEYS */;
INSERT INTO `auth_permission` VALUES (1,'Can add log entry',1,'add_logentry'),(2,'Can change log entry',1,'change_logentry'),(3,'Can delete log entry',1,'delete_logentry'),(4,'Can add group',2,'add_group'),(5,'Can change group',2,'change_group'),(6,'Can delete group',2,'delete_group'),(7,'Can add permission',3,'add_permission'),(8,'Can change permission',3,'change_permission'),(9,'Can delete permission',3,'delete_permission'),(10,'Can add user',4,'add_user'),(11,'Can change user',4,'change_user'),(12,'Can delete user',4,'delete_user'),(13,'Can add content type',5,'add_contenttype'),(14,'Can change content type',5,'change_contenttype'),(15,'Can delete content type',5,'delete_contenttype'),(16,'Can add session',6,'add_session'),(17,'Can change session',6,'change_session'),(18,'Can delete session',6,'delete_session'),(19,'Can add app info',7,'add_appinfo'),(20,'Can change app info',7,'change_appinfo'),(21,'Can delete app info',7,'delete_appinfo'),(22,'Can add cs file',8,'add_csfile'),(23,'Can change cs file',8,'change_csfile'),(24,'Can delete cs file',8,'delete_csfile'),(25,'Can add logexample',9,'add_logexample'),(26,'Can change logexample',9,'change_logexample'),(27,'Can delete logexample',9,'delete_logexample'),(28,'Can add searchedkey',10,'add_searchedkey'),(29,'Can change searchedkey',10,'change_searchedkey'),(30,'Can delete searchedkey',10,'delete_searchedkey');
/*!40000 ALTER TABLE `auth_permission` ENABLE KEYS */;
UNLOCK TABLES;

--
-- Table structure for table `auth_user`
--

DROP TABLE IF EXISTS `auth_user`;
/*!40101 SET @saved_cs_client     = @@character_set_client */;
/*!40101 SET character_set_client = utf8 */;
CREATE TABLE `auth_user` (
  `id` int(11) NOT NULL AUTO_INCREMENT,
  `password` varchar(128) NOT NULL,
  `last_login` datetime(6) DEFAULT NULL,
  `is_superuser` tinyint(1) NOT NULL,
  `username` varchar(150) NOT NULL,
  `first_name` varchar(30) NOT NULL,
  `last_name` varchar(30) NOT NULL,
  `email` varchar(254) NOT NULL,
  `is_staff` tinyint(1) NOT NULL,
  `is_active` tinyint(1) NOT NULL,
  `date_joined` datetime(6) NOT NULL,
  PRIMARY KEY (`id`),
  UNIQUE KEY `username` (`username`)
) ENGINE=InnoDB DEFAULT CHARSET=utf8;
/*!40101 SET character_set_client = @saved_cs_client */;

--
-- Dumping data for table `auth_user`
--

LOCK TABLES `auth_user` WRITE;
/*!40000 ALTER TABLE `auth_user` DISABLE KEYS */;
/*!40000 ALTER TABLE `auth_user` ENABLE KEYS */;
UNLOCK TABLES;

--
-- Table structure for table `auth_user_groups`
--

DROP TABLE IF EXISTS `auth_user_groups`;
/*!40101 SET @saved_cs_client     = @@character_set_client */;
/*!40101 SET character_set_client = utf8 */;
CREATE TABLE `auth_user_groups` (
  `id` int(11) NOT NULL AUTO_INCREMENT,
  `user_id` int(11) NOT NULL,
  `group_id` int(11) NOT NULL,
  PRIMARY KEY (`id`),
  UNIQUE KEY `auth_user_groups_user_id_group_id_94350c0c_uniq` (`user_id`,`group_id`),
  KEY `auth_user_groups_group_id_97559544_fk_auth_group_id` (`group_id`),
  CONSTRAINT `auth_user_groups_group_id_97559544_fk_auth_group_id` FOREIGN KEY (`group_id`) REFERENCES `auth_group` (`id`),
  CONSTRAINT `auth_user_groups_user_id_6a12ed8b_fk_auth_user_id` FOREIGN KEY (`user_id`) REFERENCES `auth_user` (`id`)
) ENGINE=InnoDB DEFAULT CHARSET=utf8;
/*!40101 SET character_set_client = @saved_cs_client */;

--
-- Dumping data for table `auth_user_groups`
--

LOCK TABLES `auth_user_groups` WRITE;
/*!40000 ALTER TABLE `auth_user_groups` DISABLE KEYS */;
/*!40000 ALTER TABLE `auth_user_groups` ENABLE KEYS */;
UNLOCK TABLES;

--
-- Table structure for table `auth_user_user_permissions`
--

DROP TABLE IF EXISTS `auth_user_user_permissions`;
/*!40101 SET @saved_cs_client     = @@character_set_client */;
/*!40101 SET character_set_client = utf8 */;
CREATE TABLE `auth_user_user_permissions` (
  `id` int(11) NOT NULL AUTO_INCREMENT,
  `user_id` int(11) NOT NULL,
  `permission_id` int(11) NOT NULL,
  PRIMARY KEY (`id`),
  UNIQUE KEY `auth_user_user_permissions_user_id_permission_id_14a6b632_uniq` (`user_id`,`permission_id`),
  KEY `auth_user_user_permi_permission_id_1fbb5f2c_fk_auth_perm` (`permission_id`),
  CONSTRAINT `auth_user_user_permi_permission_id_1fbb5f2c_fk_auth_perm` FOREIGN KEY (`permission_id`) REFERENCES `auth_permission` (`id`),
  CONSTRAINT `auth_user_user_permissions_user_id_a95ead1b_fk_auth_user_id` FOREIGN KEY (`user_id`) REFERENCES `auth_user` (`id`)
) ENGINE=InnoDB DEFAULT CHARSET=utf8;
/*!40101 SET character_set_client = @saved_cs_client */;

--
-- Dumping data for table `auth_user_user_permissions`
--

LOCK TABLES `auth_user_user_permissions` WRITE;
/*!40000 ALTER TABLE `auth_user_user_permissions` DISABLE KEYS */;
/*!40000 ALTER TABLE `auth_user_user_permissions` ENABLE KEYS */;
UNLOCK TABLES;

--
-- Table structure for table `client_appinfo`
--

DROP TABLE IF EXISTS `client_appinfo`;
/*!40101 SET @saved_cs_client     = @@character_set_client */;
/*!40101 SET character_set_client = utf8 */;
CREATE TABLE `client_appinfo` (
  `id` int(11) NOT NULL AUTO_INCREMENT,
  `appname` varchar(100) NOT NULL,
  `apikey` varchar(100) NOT NULL,
  `regdate` datetime(6) NOT NULL,
  `update` datetime(6) NOT NULL,
  `cscnt` int(11) NOT NULL,
  `logcnt` int(11) NOT NULL,
  `usr_id` int(11) DEFAULT NULL,
  PRIMARY KEY (`id`),
  KEY `client_appinfo_usr_id_4ef7fda4_fk_auth_user_id` (`usr_id`),
  CONSTRAINT `client_appinfo_usr_id_4ef7fda4_fk_auth_user_id` FOREIGN KEY (`usr_id`) REFERENCES `auth_user` (`id`)
) ENGINE=InnoDB DEFAULT CHARSET=utf8;
/*!40101 SET character_set_client = @saved_cs_client */;

--
-- Dumping data for table `client_appinfo`
--

LOCK TABLES `client_appinfo` WRITE;
/*!40000 ALTER TABLE `client_appinfo` DISABLE KEYS */;
/*!40000 ALTER TABLE `client_appinfo` ENABLE KEYS */;
UNLOCK TABLES;

--
-- Table structure for table `client_csfile`
--

DROP TABLE IF EXISTS `client_csfile`;
/*!40101 SET @saved_cs_client     = @@character_set_client */;
/*!40101 SET character_set_client = utf8 */;
CREATE TABLE `client_csfile` (
  `id` int(11) NOT NULL AUTO_INCREMENT,
  `apikey` varchar(32) NOT NULL,
  `file` varchar(100) NOT NULL,
  `regdate` datetime(6) NOT NULL,
  `update` datetime(6) NOT NULL,
  `logcnt` int(11) NOT NULL,
  `usr_id` int(11) DEFAULT NULL,
  `appname` varchar(100) NOT NULL,
  PRIMARY KEY (`id`),
  KEY `client_csfile_usr_id_0273a58b_fk_auth_user_id` (`usr_id`),
  CONSTRAINT `client_csfile_usr_id_0273a58b_fk_auth_user_id` FOREIGN KEY (`usr_id`) REFERENCES `auth_user` (`id`)
) ENGINE=InnoDB DEFAULT CHARSET=utf8;
/*!40101 SET character_set_client = @saved_cs_client */;

--
-- Dumping data for table `client_csfile`
--

LOCK TABLES `client_csfile` WRITE;
/*!40000 ALTER TABLE `client_csfile` DISABLE KEYS */;
/*!40000 ALTER TABLE `client_csfile` ENABLE KEYS */;
UNLOCK TABLES;

--
-- Table structure for table `client_logexample`
--

DROP TABLE IF EXISTS `client_logexample`;
/*!40101 SET @saved_cs_client     = @@character_set_client */;
/*!40101 SET character_set_client = utf8 */;
CREATE TABLE `client_logexample` (
  `id` int(11) NOT NULL AUTO_INCREMENT,
  `data` varchar(1000) NOT NULL,
  `ip` varchar(100) NOT NULL,
  `country` varchar(32) NOT NULL,
  `regdate` datetime(6) NOT NULL,
  PRIMARY KEY (`id`)
) ENGINE=InnoDB DEFAULT CHARSET=utf8;
/*!40101 SET character_set_client = @saved_cs_client */;

--
-- Dumping data for table `client_logexample`
--

LOCK TABLES `client_logexample` WRITE;
/*!40000 ALTER TABLE `client_logexample` DISABLE KEYS */;
/*!40000 ALTER TABLE `client_logexample` ENABLE KEYS */;
UNLOCK TABLES;

--
-- Table structure for table `client_searchedkey`
--

DROP TABLE IF EXISTS `client_searchedkey`;
/*!40101 SET @saved_cs_client     = @@character_set_client */;
/*!40101 SET character_set_client = utf8 */;
CREATE TABLE `client_searchedkey` (
  `id` int(11) NOT NULL AUTO_INCREMENT,
  `ipaddr` varchar(200) NOT NULL,
  `content` varchar(200) NOT NULL,
  `star` varchar(30) NOT NULL,
  `gnrs` varchar(30) NOT NULL,
  `update` datetime(6) NOT NULL,
  `isapi` tinyint(1) NOT NULL,
  `usr_id` int(11) DEFAULT NULL,
  `intent` varchar(300) DEFAULT NULL,
  PRIMARY KEY (`id`),
  KEY `client_searchedkey_usr_id_5c40e1d6_fk_auth_user_id` (`usr_id`),
  CONSTRAINT `client_searchedkey_usr_id_5c40e1d6_fk_auth_user_id` FOREIGN KEY (`usr_id`) REFERENCES `auth_user` (`id`)
) ENGINE=InnoDB DEFAULT CHARSET=utf8;
/*!40101 SET character_set_client = @saved_cs_client */;

--
-- Dumping data for table `client_searchedkey`
--

LOCK TABLES `client_searchedkey` WRITE;
/*!40000 ALTER TABLE `client_searchedkey` DISABLE KEYS */;
/*!40000 ALTER TABLE `client_searchedkey` ENABLE KEYS */;
UNLOCK TABLES;

--
-- Table structure for table `django_admin_log`
--

DROP TABLE IF EXISTS `django_admin_log`;
/*!40101 SET @saved_cs_client     = @@character_set_client */;
/*!40101 SET character_set_client = utf8 */;
CREATE TABLE `django_admin_log` (
  `id` int(11) NOT NULL AUTO_INCREMENT,
  `action_time` datetime(6) NOT NULL,
  `object_id` longtext,
  `object_repr` varchar(200) NOT NULL,
  `action_flag` smallint(5) unsigned NOT NULL,
  `change_message` longtext NOT NULL,
  `content_type_id` int(11) DEFAULT NULL,
  `user_id` int(11) NOT NULL,
  PRIMARY KEY (`id`),
  KEY `django_admin_log_content_type_id_c4bce8eb_fk_django_co` (`content_type_id`),
  KEY `django_admin_log_user_id_c564eba6_fk_auth_user_id` (`user_id`),
  CONSTRAINT `django_admin_log_content_type_id_c4bce8eb_fk_django_co` FOREIGN KEY (`content_type_id`) REFERENCES `django_content_type` (`id`),
  CONSTRAINT `django_admin_log_user_id_c564eba6_fk_auth_user_id` FOREIGN KEY (`user_id`) REFERENCES `auth_user` (`id`)
) ENGINE=InnoDB DEFAULT CHARSET=utf8;
/*!40101 SET character_set_client = @saved_cs_client */;

--
-- Dumping data for table `django_admin_log`
--

LOCK TABLES `django_admin_log` WRITE;
/*!40000 ALTER TABLE `django_admin_log` DISABLE KEYS */;
/*!40000 ALTER TABLE `django_admin_log` ENABLE KEYS */;
UNLOCK TABLES;

--
-- Table structure for table `django_content_type`
--

DROP TABLE IF EXISTS `django_content_type`;
/*!40101 SET @saved_cs_client     = @@character_set_client */;
/*!40101 SET character_set_client = utf8 */;
CREATE TABLE `django_content_type` (
  `id` int(11) NOT NULL AUTO_INCREMENT,
  `app_label` varchar(100) NOT NULL,
  `model` varchar(100) NOT NULL,
  PRIMARY KEY (`id`),
  UNIQUE KEY `django_content_type_app_label_model_76bd3d3b_uniq` (`app_label`,`model`)
) ENGINE=InnoDB AUTO_INCREMENT=11 DEFAULT CHARSET=utf8;
/*!40101 SET character_set_client = @saved_cs_client */;

--
-- Dumping data for table `django_content_type`
--

LOCK TABLES `django_content_type` WRITE;
/*!40000 ALTER TABLE `django_content_type` DISABLE KEYS */;
INSERT INTO `django_content_type` VALUES (1,'admin','logentry'),(2,'auth','group'),(3,'auth','permission'),(4,'auth','user'),(7,'client','appinfo'),(8,'client','csfile'),(9,'client','logexample'),(10,'client','searchedkey'),(5,'contenttypes','contenttype'),(6,'sessions','session');
/*!40000 ALTER TABLE `django_content_type` ENABLE KEYS */;
UNLOCK TABLES;

--
-- Table structure for table `django_migrations`
--

DROP TABLE IF EXISTS `django_migrations`;
/*!40101 SET @saved_cs_client     = @@character_set_client */;
/*!40101 SET character_set_client = utf8 */;
CREATE TABLE `django_migrations` (
  `id` int(11) NOT NULL AUTO_INCREMENT,
  `app` varchar(255) NOT NULL,
  `name` varchar(255) NOT NULL,
  `applied` datetime(6) NOT NULL,
  PRIMARY KEY (`id`)
) ENGINE=InnoDB AUTO_INCREMENT=47 DEFAULT CHARSET=utf8;
/*!40101 SET character_set_client = @saved_cs_client */;

--
-- Dumping data for table `django_migrations`
--

LOCK TABLES `django_migrations` WRITE;
/*!40000 ALTER TABLE `django_migrations` DISABLE KEYS */;
INSERT INTO `django_migrations` VALUES (1,'contenttypes','0001_initial','2017-10-25 17:06:57.501658'),(2,'auth','0001_initial','2017-10-25 17:06:58.799704'),(3,'admin','0001_initial','2017-10-25 17:06:59.074955'),(4,'admin','0002_logentry_remove_auto_add','2017-10-25 17:06:59.092504'),(5,'contenttypes','0002_remove_content_type_name','2017-10-25 17:06:59.325140'),(6,'auth','0002_alter_permission_name_max_length','2017-10-25 17:06:59.443964'),(7,'auth','0003_alter_user_email_max_length','2017-10-25 17:06:59.560282'),(8,'auth','0004_alter_user_username_opts','2017-10-25 17:06:59.576326'),(9,'auth','0005_alter_user_last_login_null','2017-10-25 17:06:59.668614'),(10,'auth','0006_require_contenttypes_0002','2017-10-25 17:06:59.674628'),(11,'auth','0007_alter_validators_add_error_messages','2017-10-25 17:06:59.691173'),(12,'auth','0008_alter_user_username_max_length','2017-10-25 17:06:59.813507'),(13,'client','0001_initial','2017-10-25 17:07:00.848341'),(14,'client','0002_auto_20170317_0713','2017-10-25 17:07:01.786899'),(15,'client','0003_auto_20170402_1826','2017-10-25 17:07:02.220083'),(16,'client','0004_auto_20170402_1832','2017-10-25 17:07:02.450714'),(17,'client','0005_auto_20170402_1854','2017-10-25 17:07:03.061382'),(18,'client','0006_auto_20170402_1902','2017-10-25 17:07:04.006464'),(19,'client','0007_auto_20170716_2034','2017-10-25 17:07:04.124787'),(20,'client','0008_auto_20170716_2118','2017-10-25 17:07:04.403550'),(21,'client','0009_auto_20170718_0142','2017-10-25 17:07:05.567732'),(22,'client','0010_auto_20170718_1430','2017-10-25 17:07:05.648952'),(23,'client','0011_auto_20170720_2139','2017-10-25 17:07:05.782316'),(24,'client','0012_in_done','2017-10-25 17:07:05.924706'),(25,'client','0013_in_many','2017-10-25 17:07:06.051553'),(26,'client','0014_out_type','2017-10-25 17:07:06.169374'),(27,'client','0015_auto_20170807_1052','2017-10-25 17:07:06.262629'),(28,'client','0016_ordering','2017-10-25 17:07:06.310760'),(29,'client','0017_auto_20170925_0358','2017-10-25 17:07:06.899369'),(30,'client','0018_auto_20170925_0607','2017-10-25 17:07:07.124986'),(31,'client','0019_auto_20170925_0707','2017-10-25 17:07:07.505525'),(32,'client','0020_dialogue','2017-10-25 17:07:07.735153'),(33,'client','0021_uploadfile','2017-10-25 17:07:07.795819'),(34,'client','0022_uploadfile_appname','2017-10-25 17:07:07.907624'),(35,'client','0023_auto_20171015_0403','2017-10-25 17:07:07.943222'),(36,'client','0024_auto_20171015_0629','2017-10-25 17:07:08.000878'),(37,'client','0025_auto_20171015_2051','2017-10-25 17:07:08.209451'),(38,'client','0026_auto_20171015_2136','2017-10-25 17:07:08.648148'),(39,'client','0027_auto_20171015_2221','2017-10-25 17:07:08.764465'),(40,'client','0028_auto_20171019_1537','2017-10-25 17:07:09.363101'),(41,'client','0029_auto_20171019_1545','2017-10-25 17:07:09.708043'),(42,'client','0030_auto_20171020_0348','2017-10-25 17:07:09.946696'),(43,'client','0031_auto_20171020_0556','2017-10-25 17:07:10.326735'),(44,'client','0032_logexample','2017-10-25 17:07:10.389405'),(45,'client','0033_auto_20171024_0306','2017-10-25 17:07:10.450071'),(46,'sessions','0001_initial','2017-10-25 17:07:10.553354');
/*!40000 ALTER TABLE `django_migrations` ENABLE KEYS */;
UNLOCK TABLES;

--
-- Table structure for table `django_session`
--

DROP TABLE IF EXISTS `django_session`;
/*!40101 SET @saved_cs_client     = @@character_set_client */;
/*!40101 SET character_set_client = utf8 */;
CREATE TABLE `django_session` (
  `session_key` varchar(40) NOT NULL,
  `session_data` longtext NOT NULL,
  `expire_date` datetime(6) NOT NULL,
  PRIMARY KEY (`session_key`),
  KEY `django_session_expire_date_a5c62663` (`expire_date`)
) ENGINE=InnoDB DEFAULT CHARSET=utf8;
/*!40101 SET character_set_client = @saved_cs_client */;

--
-- Dumping data for table `django_session`
--

LOCK TABLES `django_session` WRITE;
/*!40000 ALTER TABLE `django_session` DISABLE KEYS */;
/*!40000 ALTER TABLE `django_session` ENABLE KEYS */;
UNLOCK TABLES;
/*!40103 SET TIME_ZONE=@OLD_TIME_ZONE */;

/*!40101 SET SQL_MODE=@OLD_SQL_MODE */;
/*!40014 SET FOREIGN_KEY_CHECKS=@OLD_FOREIGN_KEY_CHECKS */;
/*!40014 SET UNIQUE_CHECKS=@OLD_UNIQUE_CHECKS */;
/*!40101 SET CHARACTER_SET_CLIENT=@OLD_CHARACTER_SET_CLIENT */;
/*!40101 SET CHARACTER_SET_RESULTS=@OLD_CHARACTER_SET_RESULTS */;
/*!40101 SET COLLATION_CONNECTION=@OLD_COLLATION_CONNECTION */;
/*!40111 SET SQL_NOTES=@OLD_SQL_NOTES */;

-- Dump completed on 2017-10-26  2:09:41
